{
  "imageName": "Box_100/15974.png",
  "facesFromOpenFace": [{
    "foundMicrosoftMatch": 1,
    "B": 277,
    "gender": "female",
    "openFaceID": 193936,
    "H": 45,
    "genderAndAgeOneHotData": [
      1,
      1,
      0,
      0,
      0,
      0,
      1,
      0,
      0,
      0,
      0,
      0,
      0,
      0,
      0,
      0,
      0,
      0,
      0,
      0,
      0,
      0,
      0
    ],
    "microsoftIdOid": "5873f56c12dd2e0c269f227d",
    "R": 401,
    "W": 44.5,
    "X": 356.5,
    "Y": 232,
    "microsoftPhotoIdOid": "5873f56c12dd2e0c269f227c",
    "rep": [
      0.11774946004152,
      -0.055082909762859,
      0.14271660149097,
      0.17201961576939,
      0.012023624964058,
      0.084406577050686,
      0.13779748976231,
      0.012783544138074,
      0.056436318904161,
      -0.022798631340265,
      -0.03129330649972,
      -0.0081056579947472,
      0.066250175237656,
      0.0048612528480589,
      0.13060010969639,
      0.034364227205515,
      0.1109192892909,
      -0.0017430488951504,
      -0.075207717716694,
      -0.0084806075319648,
      0.084792360663414,
      -0.036111667752266,
      0.049949772655964,
      0.17309741675854,
      0.026187311857939,
      -0.18955746293068,
      -0.1737324744463,
      -0.14298667013645,
      -0.063199564814568,
      0.070057734847069,
      0.093499585986137,
      0.17830266058445,
      -0.026667824015021,
      0.12543135881424,
      -0.0026123733259737,
      -0.036706630140543,
      0.10913418233395,
      0.10857309401035,
      -0.046677250415087,
      -0.041358575224876,
      0.025351906195283,
      -0.0091010183095932,
      -0.011150495149195,
      -0.22252996265888,
      0.020871264860034,
      -0.074551202356815,
      -0.051942557096481,
      -0.053541865199804,
      0.055408746004105,
      0.0092196390032768,
      0.15056909620762,
      -0.096188798546791,
      0.12397925555706,
      0.0290791913867,
      0.076965980231762,
      0.021050620824099,
      0.077516309916973,
      -0.0067750969901681,
      0.074808724224567,
      -0.0024389482568949,
      -0.040912885218859,
      0.0087329763919115,
      -0.19979034364223,
      -0.28697237372398,
      0.11004578322172,
      0.05795169249177,
      0.050619088113308,
      -0.041216902434826,
      -0.18335708975792,
      5.1029201131314E-4,
      -0.054645989090204,
      0.061852987855673,
      -0.10513433068991,
      -0.0043703494593501,
      -0.02475380897522,
      0.053520787507296,
      0.12711152434349,
      -0.0091002089902759,
      0.03073912858963,
      0.086207926273346,
      -0.040377769619226,
      -0.088608451187611,
      -0.014979450032115,
      -0.068789325654507,
      0.095763482153416,
      -0.029443513602018,
      0.0070919403806329,
      -0.065679848194122,
      -0.13909743726254,
      0.02956754527986,
      -0.021696679294109,
      -0.067287586629391,
      0.063567459583282,
      0.019042173400521,
      -0.097591772675514,
      0.10115605592728,
      0.03287223726511,
      -0.017404472455382,
      0.051433097571135,
      0.11727537959814,
      0.12431634217501,
      5.3333968389779E-4,
      -0.071104735136032,
      0.15043233335018,
      0.047948159277439,
      -0.10021162033081,
      0.0019153080647811,
      -0.093778014183044,
      0.015101596713066,
      -0.012665090151131,
      -0.18580435216427,
      0.044697970151901,
      0.012051801197231,
      -0.10007207840681,
      0.071828573942184,
      0.076864905655384,
      -0.021010352298617,
      0.048163235187531,
      -0.15545231103897,
      0.12688957154751,
      -0.0034213771577924,
      0.06396197527647,
      -0.030839376151562,
      0.05294131860137,
      0.09414929151535,
      0.056117672473192,
      2.5784119497985E-4,
      -0.048540830612183
    ],
    "age": 17.200000762939453
  }],
  "imageOid": "5873f56c12dd2e0c269f227c"
}